{
    "loop": true,
    "path": [
        {
            "R": [
                0.9992035,
                -0.0399051,
                0,
                0
            ],
            "T": [
                0.5,
                0.7,
                3
            ],
            "aperture_size": 0.0,
            "fov": 50.625,
            "glow_mode": 0,
            "glow_y_cutoff": 0.0,
            "scale": 2.6237869262695313,
            "slice": 0.0
        },
        {
            "R": [
                -0.7065436,
                0.0282172,
                0.7065436,
                -0.0282172
            ],
            "T": [
                3,
                0.7,
                0.5
            ],
            "aperture_size": 0.0,
            "fov": 50.625,
            "glow_mode": 0,
            "glow_y_cutoff": 0.0,
            "scale": 2.6237869262695313,
            "slice": 0.0
        },
        {
            "R": [
                0,
                0,
                0.9992035,
                -0.0399051
            ],
            "T": [
                0.5,
                0.7,
                -2
            ],
            "aperture_size": 0.0,
            "fov": 50.625,
            "glow_mode": 0,
            "glow_y_cutoff": 0.0,
            "scale": 2.6237869262695313,
            "slice": 0.0
        },
        {
            "R": [
                0.7065436,
                -0.0282172,
                0.7065436,
                -0.0282172
            ],
            "T": [
                -2,
                0.7,
                0.5
            ],
            "aperture_size": 0.0,
            "fov": 50.625,
            "glow_mode": 0,
            "glow_y_cutoff": 0.0,
            "scale": 2.6237869262695313,
            "slice": 0.0
        }
    ],
    "time": 1.0
}